{"hyperparameters": {"alpha": 0.3, "gamma": 0.9, "epsilon_decay": 0.8910448058217547, "final_epsilon": 0.8910448058217547}}